{
  "iou": 0.14823190155236618,
  "f1": 0.2571921776170316,
  "precision": 0.5808726166901381,
  "recall": 0.16616764729437622,
  "latency_ms": 8.53,
  "fps": 117.2,
  "params": 527361,
  "size_mb": 2.01,
  "checkpoint": "/home/atml_team066/Lane_detection/checkpoints/scnn_best.pt",
  "val_images": 362
}